{"Title":"Berberis.Messaging.Benchmarks.Memory.SubscriptionAllocationBenchmarks-20251023-164442","HostEnvironmentInfo":{"BenchmarkDotNetCaption":"BenchmarkDotNet","BenchmarkDotNetVersion":"0.13.12","OsVersion":"Windows 11 (10.0.26200.6901)","ProcessorName":"AMD Ryzen 9 5950X","PhysicalProcessorCount":1,"PhysicalCoreCount":16,"LogicalCoreCount":32,"RuntimeVersion":".NET 8.0.21 (8.0.2125.47513)","Architecture":"X64","HasAttachedDebugger":false,"HasRyuJit":true,"Configuration":"RELEASE","DotNetCliVersion":"9.0.306","ChronometerFrequency":{"Hertz":10000000},"HardwareTimerKind":"Unknown"},"Benchmarks":[{"DisplayInfo":"SubscriptionAllocationBenchmarks.Allocations_CreateSubscription: Job-AHPHEP(Concurrent=True, Force=False, Server=True, IterationCount=3, WarmupCount=1)","Namespace":"Berberis.Messaging.Benchmarks.Memory","Type":"SubscriptionAllocationBenchmarks","Method":"Allocations_CreateSubscription","MethodTitle":"Allocations_CreateSubscription","Parameters":"","FullName":"Berberis.Messaging.Benchmarks.Memory.SubscriptionAllocationBenchmarks.Allocations_CreateSubscription","HardwareIntrinsics":"AVX2,AES,BMI1,BMI2,FMA,LZCNT,PCLMUL,POPCNT VectorSize=256","Statistics":{"OriginalValues":[2269.6582794189453,1903.4332275390625,2146.2146759033203],"N":3,"Min":1903.4332275390625,"LowerFence":1750.1551628112793,"Q1":2024.8239517211914,"Median":2146.2146759033203,"Mean":2106.4353942871094,"Q3":2207.936477661133,"UpperFence":2482.605266571045,"Max":2269.6582794189453,"InterquartileRange":183.1125259399414,"LowerOutliers":[],"UpperOutliers":[],"AllOutliers":[],"StandardError":107.57476561370714,"Variance":34716.99059053208,"StandardDeviation":186.32495965525413,"Skewness":-0.20376310589282284,"Kurtosis":0.6666666666666666,"ConfidenceInterval":{"N":3,"Mean":2106.4353942871094,"StandardError":107.57476561370714,"Level":12,"Margin":3399.260889672905,"Lower":-1292.8254953857954,"Upper":5505.696283960015},"Percentiles":{"P0":1903.4332275390625,"P25":2024.8239517211914,"P50":2146.2146759033203,"P67":2188.185501098633,"P80":2220.2808380126953,"P85":2232.625198364258,"P90":2244.9695587158203,"P95":2257.313919067383,"P100":2269.6582794189453}},"Memory":{"Gen0Collections":0,"Gen1Collections":0,"Gen2Collections":0,"TotalOperations":262144,"BytesAllocatedPerOperation":4392},"Measurements":[{"IterationMode":"Overhead","IterationStage":"Jitting","LaunchIndex":1,"IterationIndex":1,"Operations":1,"Nanoseconds":124200},{"IterationMode":"Workload","IterationStage":"Jitting","LaunchIndex":1,"IterationIndex":1,"Operations":1,"Nanoseconds":11204700},{"IterationMode":"Overhead","IterationStage":"Jitting","LaunchIndex":1,"IterationIndex":2,"Operations":16,"Nanoseconds":113000},{"IterationMode":"Workload","IterationStage":"Jitting","LaunchIndex":1,"IterationIndex":2,"Operations":16,"Nanoseconds":184100},{"IterationMode":"Workload","IterationStage":"Pilot","LaunchIndex":1,"IterationIndex":1,"Operations":16,"Nanoseconds":645700},{"IterationMode":"Workload","IterationStage":"Pilot","LaunchIndex":1,"IterationIndex":2,"Operations":32,"Nanoseconds":106600},{"IterationMode":"Workload","IterationStage":"Pilot","LaunchIndex":1,"IterationIndex":3,"Operations":64,"Nanoseconds":184000},{"IterationMode":"Workload","IterationStage":"Pilot","LaunchIndex":1,"IterationIndex":4,"Operations":128,"Nanoseconds":363800},{"IterationMode":"Workload","IterationStage":"Pilot","LaunchIndex":1,"IterationIndex":5,"Operations":256,"Nanoseconds":702800},{"IterationMode":"Workload","IterationStage":"Pilot","LaunchIndex":1,"IterationIndex":6,"Operations":512,"Nanoseconds":1402800},{"IterationMode":"Workload","IterationStage":"Pilot","LaunchIndex":1,"IterationIndex":7,"Operations":1024,"Nanoseconds":3082800},{"IterationMode":"Workload","IterationStage":"Pilot","LaunchIndex":1,"IterationIndex":8,"Operations":2048,"Nanoseconds":6582900},{"IterationMode":"Workload","IterationStage":"Pilot","LaunchIndex":1,"IterationIndex":9,"Operations":4096,"Nanoseconds":11249100},{"IterationMode":"Workload","IterationStage":"Pilot","LaunchIndex":1,"IterationIndex":10,"Operations":8192,"Nanoseconds":22365900},{"IterationMode":"Workload","IterationStage":"Pilot","LaunchIndex":1,"IterationIndex":11,"Operations":16384,"Nanoseconds":44821800},{"IterationMode":"Workload","IterationStage":"Pilot","LaunchIndex":1,"IterationIndex":12,"Operations":32768,"Nanoseconds":94728600},{"IterationMode":"Workload","IterationStage":"Pilot","LaunchIndex":1,"IterationIndex":13,"Operations":65536,"Nanoseconds":200622600},{"IterationMode":"Workload","IterationStage":"Pilot","LaunchIndex":1,"IterationIndex":14,"Operations":131072,"Nanoseconds":449099900},{"IterationMode":"Workload","IterationStage":"Pilot","LaunchIndex":1,"IterationIndex":15,"Operations":262144,"Nanoseconds":607934400},{"IterationMode":"Overhead","IterationStage":"Warmup","LaunchIndex":1,"IterationIndex":1,"Operations":262144,"Nanoseconds":425900},{"IterationMode":"Overhead","IterationStage":"Warmup","LaunchIndex":1,"IterationIndex":2,"Operations":262144,"Nanoseconds":425300},{"IterationMode":"Overhead","IterationStage":"Warmup","LaunchIndex":1,"IterationIndex":3,"Operations":262144,"Nanoseconds":421900},{"IterationMode":"Overhead","IterationStage":"Warmup","LaunchIndex":1,"IterationIndex":4,"Operations":262144,"Nanoseconds":418500},{"IterationMode":"Overhead","IterationStage":"Warmup","LaunchIndex":1,"IterationIndex":5,"Operations":262144,"Nanoseconds":450000},{"IterationMode":"Overhead","IterationStage":"Warmup","LaunchIndex":1,"IterationIndex":6,"Operations":262144,"Nanoseconds":450800},{"IterationMode":"Overhead","IterationStage":"Warmup","LaunchIndex":1,"IterationIndex":7,"Operations":262144,"Nanoseconds":454000},{"IterationMode":"Overhead","IterationStage":"Warmup","LaunchIndex":1,"IterationIndex":8,"Operations":262144,"Nanoseconds":448500},{"IterationMode":"Overhead","IterationStage":"Warmup","LaunchIndex":1,"IterationIndex":9,"Operations":262144,"Nanoseconds":448400},{"IterationMode":"Overhead","IterationStage":"Warmup","LaunchIndex":1,"IterationIndex":10,"Operations":262144,"Nanoseconds":448400},{"IterationMode":"Overhead","IterationStage":"Actual","LaunchIndex":1,"IterationIndex":1,"Operations":262144,"Nanoseconds":431500},{"IterationMode":"Overhead","IterationStage":"Actual","LaunchIndex":1,"IterationIndex":2,"Operations":262144,"Nanoseconds":428100},{"IterationMode":"Overhead","IterationStage":"Actual","LaunchIndex":1,"IterationIndex":3,"Operations":262144,"Nanoseconds":452200},{"IterationMode":"Overhead","IterationStage":"Actual","LaunchIndex":1,"IterationIndex":4,"Operations":262144,"Nanoseconds":426200},{"IterationMode":"Overhead","IterationStage":"Actual","LaunchIndex":1,"IterationIndex":5,"Operations":262144,"Nanoseconds":457100},{"IterationMode":"Overhead","IterationStage":"Actual","LaunchIndex":1,"IterationIndex":6,"Operations":262144,"Nanoseconds":450800},{"IterationMode":"Overhead","IterationStage":"Actual","LaunchIndex":1,"IterationIndex":7,"Operations":262144,"Nanoseconds":450800},{"IterationMode":"Overhead","IterationStage":"Actual","LaunchIndex":1,"IterationIndex":8,"Operations":262144,"Nanoseconds":471800},{"IterationMode":"Overhead","IterationStage":"Actual","LaunchIndex":1,"IterationIndex":9,"Operations":262144,"Nanoseconds":455000},{"IterationMode":"Overhead","IterationStage":"Actual","LaunchIndex":1,"IterationIndex":10,"Operations":262144,"Nanoseconds":454800},{"IterationMode":"Overhead","IterationStage":"Actual","LaunchIndex":1,"IterationIndex":11,"Operations":262144,"Nanoseconds":455600},{"IterationMode":"Overhead","IterationStage":"Actual","LaunchIndex":1,"IterationIndex":12,"Operations":262144,"Nanoseconds":450800},{"IterationMode":"Overhead","IterationStage":"Actual","LaunchIndex":1,"IterationIndex":13,"Operations":262144,"Nanoseconds":454400},{"IterationMode":"Overhead","IterationStage":"Actual","LaunchIndex":1,"IterationIndex":14,"Operations":262144,"Nanoseconds":450700},{"IterationMode":"Overhead","IterationStage":"Actual","LaunchIndex":1,"IterationIndex":15,