{"Title":"Berberis.Messaging.Benchmarks.Memory.AllocationBenchmarks-20251023-164414","HostEnvironmentInfo":{"BenchmarkDotNetCaption":"BenchmarkDotNet","BenchmarkDotNetVersion":"0.13.12","OsVersion":"Windows 11 (10.0.26200.6901)","ProcessorName":"AMD Ryzen 9 5950X","PhysicalProcessorCount":1,"PhysicalCoreCount":16,"LogicalCoreCount":32,"RuntimeVersion":".NET 8.0.21 (8.0.2125.47513)","Architecture":"X64","HasAttachedDebugger":false,"HasRyuJit":true,"Configuration":"RELEASE","DotNetCliVersion":"9.0.306","ChronometerFrequency":{"Hertz":10000000},"HardwareTimerKind":"Unknown"},"Benchmarks":[{"DisplayInfo":"AllocationBenchmarks.Allocations_SinglePublish: Job-AHPHEP(Concurrent=True, Force=False, Server=True, IterationCount=3, WarmupCount=1)","Namespace":"Berberis.Messaging.Benchmarks.Memory","Type":"AllocationBenchmarks","Method":"Allocations_SinglePublish","MethodTitle":"Allocations_SinglePublish","Parameters":"","FullName":"Berberis.Messaging.Benchmarks.Memory.AllocationBenchmarks.Allocations_SinglePublish","HardwareIntrinsics":"AVX2,AES,BMI1,BMI2,FMA,LZCNT,PCLMUL,POPCNT VectorSize=256","Statistics":{"OriginalValues":[252.68964767456055,248.5877513885498,252.85062789916992],"N":3,"Min":248.5877513885498,"LowerFence":247.4415421485901,"Q1":250.63869953155518,"Median":252.68964767456055,"Mean":251.37600898742676,"Q3":252.77013778686523,"UpperFence":255.96729516983032,"Max":252.85062789916992,"InterquartileRange":2.1314382553100586,"LowerOutliers":[],"UpperOutliers":[],"AllOutliers":[],"StandardError":1.3949031013479187,"Variance":5.837263986450125,"StandardDeviation":2.416043043169994,"Skewness":-0.3829787014359335,"Kurtosis":0.6666666666666666,"ConfidenceInterval":{"N":3,"Mean":251.37600898742676,"StandardError":1.3949031013479187,"Level":12,"Margin":44.07761922830759,"Lower":207.29838975911917,"Upper":295.45362821573434},"Percentiles":{"P0":248.5877513885498,"P25":250.63869953155518,"P50":252.68964767456055,"P67":252.74438095092773,"P80":252.78623580932617,"P85":252.8023338317871,"P90":252.81843185424805,"P95":252.83452987670898,"P100":252.85062789916992}},"Memory":{"Gen0Collections":0,"Gen1Collections":0,"Gen2Collections":0,"TotalOperations":2097152,"BytesAllocatedPerOperation":0},"Measurements":[{"IterationMode":"Overhead","IterationStage":"Jitting","LaunchIndex":1,"IterationIndex":1,"Operations":1,"Nanoseconds":128400},{"IterationMode":"Workload","IterationStage":"Jitting","LaunchIndex":1,"IterationIndex":1,"Operations":1,"Nanoseconds":1725000},{"IterationMode":"Overhead","IterationStage":"Jitting","LaunchIndex":1,"IterationIndex":2,"Operations":16,"Nanoseconds":106800},{"IterationMode":"Workload","IterationStage":"Jitting","LaunchIndex":1,"IterationIndex":2,"Operations":16,"Nanoseconds":138100},{"IterationMode":"Workload","IterationStage":"Pilot","LaunchIndex":1,"IterationIndex":1,"Operations":16,"Nanoseconds":131600},{"IterationMode":"Workload","IterationStage":"Pilot","LaunchIndex":1,"IterationIndex":2,"Operations":32,"Nanoseconds":19600},{"IterationMode":"Workload","IterationStage":"Pilot","LaunchIndex":1,"IterationIndex":3,"Operations":64,"Nanoseconds":26000},{"IterationMode":"Workload","IterationStage":"Pilot","LaunchIndex":1,"IterationIndex":4,"Operations":128,"Nanoseconds":54200},{"IterationMode":"Workload","IterationStage":"Pilot","LaunchIndex":1,"IterationIndex":5,"Operations":256,"Nanoseconds":97300},{"IterationMode":"Workload","IterationStage":"Pilot","LaunchIndex":1,"IterationIndex":6,"Operations":512,"Nanoseconds":194800},{"IterationMode":"Workload","IterationStage":"Pilot","LaunchIndex":1,"IterationIndex":7,"Operations":1024,"Nanoseconds":396600},{"IterationMode":"Workload","IterationStage":"Pilot","LaunchIndex":1,"IterationIndex":8,"Operations":2048,"Nanoseconds":952900},{"IterationMode":"Workload","IterationStage":"Pilot","LaunchIndex":1,"IterationIndex":9,"Operations":4096,"Nanoseconds":1977500},{"IterationMode":"Workload","IterationStage":"Pilot","LaunchIndex":1,"IterationIndex":10,"Operations":8192,"Nanoseconds":4415700},{"IterationMode":"Workload","IterationStage":"Pilot","LaunchIndex":1,"IterationIndex":11,"Operations":16384,"Nanoseconds":8247100},{"IterationMode":"Workload","IterationStage":"Pilot","LaunchIndex":1,"IterationIndex":12,"Operations":32768,"Nanoseconds":16489000},{"IterationMode":"Workload","IterationStage":"Pilot","LaunchIndex":1,"IterationIndex":13,"Operations":65536,"Nanoseconds":32617500},{"IterationMode":"Workload","IterationStage":"Pilot","LaunchIndex":1,"IterationIndex":14,"Operations":131072,"Nanoseconds":63787200},{"IterationMode":"Workload","IterationStage":"Pilot","LaunchIndex":1,"IterationIndex":15,"Operations":262144,"Nanoseconds":134710000},{"IterationMode":"Workload","IterationStage":"Pilot","LaunchIndex":1,"IterationIndex":16,"Operations":524288,"Nanoseconds":189607600},{"IterationMode":"Workload","IterationStage":"Pilot","LaunchIndex":1,"IterationIndex":17,"Operations":1048576,"Nanoseconds":244301500},{"IterationMode":"Workload","IterationStage":"Pilot","LaunchIndex":1,"IterationIndex":18,"Operations":2097152,"Nanoseconds":532500000},{"IterationMode":"Overhead","IterationStage":"Warmup","LaunchIndex":1,"IterationIndex":1,"Operations":2097152,"Nanoseconds":3662400},{"IterationMode":"Overhead","IterationStage":"Warmup","LaunchIndex":1,"IterationIndex":2,"Operations":2097152,"Nanoseconds":3657300},{"IterationMode":"Overhead","IterationStage":"Warmup","LaunchIndex":1,"IterationIndex":3,"Operations":2097152,"Nanoseconds":3654300},{"IterationMode":"Overhead","IterationStage":"Warmup","LaunchIndex":1,"IterationIndex":4,"Operations":2097152,"Nanoseconds":3650100},{"IterationMode":"Overhead","IterationStage":"Warmup","LaunchIndex":1,"IterationIndex":5,"Operations":2097152,"Nanoseconds":3712600},{"IterationMode":"Overhead","IterationStage":"Warmup","LaunchIndex":1,"IterationIndex":6,"Operations":2097152,"Nanoseconds":3674900},{"IterationMode":"Overhead","IterationStage":"Warmup","LaunchIndex":1,"IterationIndex":7,"Operations":2097152,"Nanoseconds":3762600},{"IterationMode":"Overhead","IterationStage":"Warmup","LaunchIndex":1,"IterationIndex":8,"Operations":2097152,"Nanoseconds":3767300},{"IterationMode":"Overhead","IterationStage":"Warmup","LaunchIndex":1,"IterationIndex":9,"Operations":2097152,"Nanoseconds":3692500},{"IterationMode":"Overhead","IterationStage":"Actual","LaunchIndex":1,"IterationIndex":1,"Operations":2097152,"Nanoseconds":3665300},{"IterationMode":"Overhead","IterationStage":"Actual","LaunchIndex":1,"IterationIndex":2,"Operations":2097152,"Nanoseconds":3687400},{"IterationMode":"Overhead","IterationStage":"Actual","LaunchIndex":1,"IterationIndex":3,"Operations":2097152,"Nanoseconds":3694400},{"IterationMode":"Overhead","IterationStage":"Actual","LaunchIndex":1,"IterationIndex":4,"Operations":2097152,"Nanoseconds":3655500},{"IterationMode":"Overhead","IterationStage":"Actual","LaunchIndex":1,"IterationIndex":5,"Operations":2097152,"Nanoseconds":3664500},{"IterationMode":"Overhead","IterationStage":"Actual","LaunchIndex":1,"IterationIndex":6,"Operations":2097152,"Nanoseconds":3669600},{"IterationMode":"Overhead","IterationStage":"Actual","LaunchIndex":1,"IterationIndex":7,"Operations":2097152,"Nanoseconds":3695100},{"IterationMode":"Overhead","IterationStage":"Actual","LaunchIndex":1,"IterationIndex":8,"Operations":2097152,"Nanoseconds":3668700},{"IterationMode":"Overhead","IterationStage":"Actual","LaunchIndex":1,"IterationIndex":9,"Operations":2097152,"Nanoseconds":3667800},{"IterationMode":"Overhead","IterationStage":"Actual","LaunchIndex":1,"IterationIndex":10,"Operations":2097152,"Nanoseconds":3668300},{"IterationMode":"Overhead","IterationStage":"Actual","LaunchIndex":1,"IterationIndex":11,"Operations":2097152,"Nanoseconds":3684200},{"IterationMode":"Overhead","IterationStage":"Actual","LaunchIndex":1,"IterationIndex":12,"Operations":2097152,"Nanoseconds":3668800},{"IterationMode":"Overhead","IterationStage":"Actual","LaunchIndex":1,"IterationIndex":13,"Operations":2097152,