{"Title":"Berberis.Messaging.Benchmarks.Conflation.ConflationBenchmarks-20251023-164031","HostEnvironmentInfo":{"BenchmarkDotNetCaption":"BenchmarkDotNet","BenchmarkDotNetVersion":"0.13.12","OsVersion":"Windows 11 (10.0.26200.6901)","ProcessorName":"AMD Ryzen 9 5950X","PhysicalProcessorCount":1,"PhysicalCoreCount":16,"LogicalCoreCount":32,"RuntimeVersion":".NET 8.0.21 (8.0.2125.47513)","Architecture":"X64","HasAttachedDebugger":false,"HasRyuJit":true,"Configuration":"RELEASE","DotNetCliVersion":"9.0.306","ChronometerFrequency":{"Hertz":10000000},"HardwareTimerKind":"Unknown"},"Benchmarks":[{"DisplayInfo":"ConflationBenchmarks.Conflation_NoConflation_100Updates: Job-AHPHEP(Concurrent=True, Force=False, Server=True, IterationCount=3, WarmupCount=1)","Namespace":"Berberis.Messaging.Benchmarks.Conflation","Type":"ConflationBenchmarks","Method":"Conflation_NoConflation_100Updates","MethodTitle":"Conflation_NoConflation_100Updates","Parameters":"","FullName":"Berberis.Messaging.Benchmarks.Conflation.ConflationBenchmarks.Conflation_NoConflation_100Updates","HardwareIntrinsics":"AVX2,AES,BMI1,BMI2,FMA,LZCNT,PCLMUL,POPCNT VectorSize=256","Statistics":{"OriginalValues":[29545.681762695312,30521.719360351562,29443.612670898438],"N":3,"Min":29443.612670898438,"LowerFence":28686.06719970703,"Q1":29494.647216796875,"Median":29545.681762695312,"Mean":29837.00459798177,"Q3":30033.700561523438,"UpperFence":30842.28057861328,"Max":30521.719360351562,"InterquartileRange":539.0533447265625,"LowerOutliers":[],"UpperOutliers":[],"AllOutliers":[],"StandardError":343.622978582826,"Variance":354230.2542303999,"StandardDeviation":595.1724575536068,"Skewness":0.3722041289105356,"Kurtosis":0.6666666666666697,"ConfidenceInterval":{"N":3,"Mean":29837.00459798177,"StandardError":343.622978582826,"Level":12,"Margin":10858.161253950027,"Lower":18978.843344031742,"Upper":40695.1658519318},"Percentiles":{"P0":29443.612670898438,"P25":29494.647216796875,"P50":29545.681762695312,"P67":29877.534545898438,"P80":30131.304321289062,"P85":30228.908081054688,"P90":30326.511840820312,"P95":30424.115600585938,"P100":30521.719360351562}},"Memory":{"Gen0Collections":0,"Gen1Collections":0,"Gen2Collections":0,"TotalOperations":32768,"BytesAllocatedPerOperation":0},"Measurements":[{"IterationMode":"Overhead","IterationStage":"Jitting","LaunchIndex":1,"IterationIndex":1,"Operations":1,"Nanoseconds":120800},{"IterationMode":"Workload","IterationStage":"Jitting","LaunchIndex":1,"IterationIndex":1,"Operations":1,"Nanoseconds":2143000},{"IterationMode":"Overhead","IterationStage":"Jitting","LaunchIndex":1,"IterationIndex":2,"Operations":16,"Nanoseconds":109200},{"IterationMode":"Workload","IterationStage":"Jitting","LaunchIndex":1,"IterationIndex":2,"Operations":16,"Nanoseconds":828300},{"IterationMode":"Workload","IterationStage":"Pilot","LaunchIndex":1,"IterationIndex":1,"Operations":16,"Nanoseconds":850300},{"IterationMode":"Workload","IterationStage":"Pilot","LaunchIndex":1,"IterationIndex":2,"Operations":32,"Nanoseconds":1695900},{"IterationMode":"Workload","IterationStage":"Pilot","LaunchIndex":1,"IterationIndex":3,"Operations":64,"Nanoseconds":3478800},{"IterationMode":"Workload","IterationStage":"Pilot","LaunchIndex":1,"IterationIndex":4,"Operations":128,"Nanoseconds":7226100},{"IterationMode":"Workload","IterationStage":"Pilot","LaunchIndex":1,"IterationIndex":5,"Operations":256,"Nanoseconds":15604300},{"IterationMode":"Workload","IterationStage":"Pilot","LaunchIndex":1,"IterationIndex":6,"Operations":512,"Nanoseconds":30161900},{"IterationMode":"Workload","IterationStage":"Pilot","LaunchIndex":1,"IterationIndex":7,"Operations":1024,"Nanoseconds":54746500},{"IterationMode":"Workload","IterationStage":"Pilot","LaunchIndex":1,"IterationIndex":8,"Operations":2048,"Nanoseconds":113038500},{"IterationMode":"Workload","IterationStage":"Pilot","LaunchIndex":1,"IterationIndex":9,"Operations":4096,"Nanoseconds":203587700},{"IterationMode":"Workload","IterationStage":"Pilot","LaunchIndex":1,"IterationIndex":10,"Operations":8192,"Nanoseconds":216528500},{"IterationMode":"Workload","IterationStage":"Pilot","LaunchIndex":1,"IterationIndex":11,"Operations":16384,"Nanoseconds":482305800},{"IterationMode":"Workload","IterationStage":"Pilot","LaunchIndex":1,"IterationIndex":12,"Operations":32768,"Nanoseconds":966975600},{"IterationMode":"Overhead","IterationStage":"Warmup","LaunchIndex":1,"IterationIndex":1,"Operations":32768,"Nanoseconds":52000},{"IterationMode":"Overhead","IterationStage":"Warmup","LaunchIndex":1,"IterationIndex":2,"Operations":32768,"Nanoseconds":50800},{"IterationMode":"Overhead","IterationStage":"Warmup","LaunchIndex":1,"IterationIndex":3,"Operations":32768,"Nanoseconds":50900},{"IterationMode":"Overhead","IterationStage":"Warmup","LaunchIndex":1,"IterationIndex":4,"Operations":32768,"Nanoseconds":50600},{"IterationMode":"Overhead","IterationStage":"Warmup","LaunchIndex":1,"IterationIndex":5,"Operations":32768,"Nanoseconds":51100},{"IterationMode":"Overhead","IterationStage":"Warmup","LaunchIndex":1,"IterationIndex":6,"Operations":32768,"Nanoseconds":50700},{"IterationMode":"Overhead","IterationStage":"Actual","LaunchIndex":1,"IterationIndex":1,"Operations":32768,"Nanoseconds":51300},{"IterationMode":"Overhead","IterationStage":"Actual","LaunchIndex":1,"IterationIndex":2,"Operations":32768,"Nanoseconds":51100},{"IterationMode":"Overhead","IterationStage":"Actual","LaunchIndex":1,"IterationIndex":3,"Operations":32768,"Nanoseconds":51300},{"IterationMode":"Overhead","IterationStage":"Actual","LaunchIndex":1,"IterationIndex":4,"Operations":32768,"Nanoseconds":51100},{"IterationMode":"Overhead","IterationStage":"Actual","LaunchIndex":1,"IterationIndex":5,"Operations":32768,"Nanoseconds":51300},{"IterationMode":"Overhead","IterationStage":"Actual","LaunchIndex":1,"IterationIndex":6,"Operations":32768,"Nanoseconds":50800},{"IterationMode":"Overhead","IterationStage":"Actual","LaunchIndex":1,"IterationIndex":7,"Operations":32768,"Nanoseconds":55600},{"IterationMode":"Overhead","IterationStage":"Actual","LaunchIndex":1,"IterationIndex":8,"Operations":32768,"Nanoseconds":50800},{"IterationMode":"Overhead","IterationStage":"Actual","LaunchIndex":1,"IterationIndex":9,"Operations":32768,"Nanoseconds":50800},{"IterationMode":"Overhead","IterationStage":"Actual","LaunchIndex":1,"IterationIndex":10,"Operations":32768,"Nanoseconds":50700},{"IterationMode":"Overhead","IterationStage":"Actual","LaunchIndex":1,"IterationIndex":11,"Operations":32768,"Nanoseconds":50800},{"IterationMode":"Overhead","IterationStage":"Actual","LaunchIndex":1,"IterationIndex":12,"Operations":32768,"Nanoseconds":50700},{"IterationMode":"Overhead","IterationStage":"Actual","LaunchIndex":1,"IterationIndex":13,"Operations":32768,"Nanoseconds":50800},{"IterationMode":"Overhead","IterationStage":"Actual","LaunchIndex":1,"IterationIndex":14,"Operations":32768,"Nanoseconds":50700},{"IterationMode":"Overhead","IterationStage":"Actual","LaunchIndex":1,"IterationIndex":15,"Operations":32768,"Nanoseconds":50800},{"IterationMode":"Workload","IterationStage":"Warmup","LaunchIndex":1,"IterationIndex":1,"Operations":32768,"Nanoseconds":955933100},{"IterationMode":"Workload","IterationStage":"Actual","LaunchIndex":1,"IterationIndex":1,"Operations":32768,"Nanoseconds":968203700},{"IterationMode":"Workload","IterationStage":"Actual","LaunchIndex":1,"IterationIndex":2,"Operations":32768,"Nanoseconds":1000186500},{"IterationMode":"Workload","IterationStage":"Actual","LaunchIndex":1,"IterationIndex":3,"Operations":32768,"Nanoseconds":964859100},{"IterationMode":"Workload","IterationStage":"Result","LaunchIndex":1,"IterationIndex":1,"Operations":32768,"Nanoseconds":968152900},{"IterationMode":"Workload","IterationStage":"Result","LaunchIndex":1,"IterationIndex":2,"Operations":32768,"Nanoseconds":1000135700},{"IterationMode":"Workload","IterationStage":"Result","LaunchIndex":1,"IterationIndex":3,"Operations":32768,"Nanoseconds":964808300}],